,City,Lat,Lng,Max Temp,Humidity,Cloudiness,Wind Speed,Country,Date
0,Hobart,-42.8794,147.3294,68.0,45,75,16.11,AU,1612661779
1,Punta Arenas,-53.15,-70.9167,51.8,66,0,17.27,CL,1612661595
2,George Town,5.4112,100.3354,80.6,83,20,2.3,MY,1612661728
3,Puerto Ayora,-0.7393,-90.3518,77.0,93,50,6.69,EC,1612661537
4,Carnarvon,-24.8667,113.6333,84.2,100,40,13.8,AU,1612661784
5,Port Alfred,-33.5906,26.891,68.0,87,33,5.01,ZA,1612661786
6,Ribeira Grande,38.5167,-28.7,61.14,88,95,21.88,PT,1612661540
7,Bathsheba,13.2167,-59.5167,77.0,73,20,11.5,BB,1612661789
8,Torbay,47.6666,-52.7314,43.0,93,75,24.16,CA,1612661790
9,Hermanus,-34.4187,19.2345,66.99,93,98,1.01,ZA,1612661722
10,Bluff,-46.6,168.3333,61.45,71,0,7.96,NZ,1612661793
11,Nikel,69.4128,30.222,24.8,86,75,26.46,RU,1612661794
12,Ushuaia,-54.8,-68.3,50.0,76,75,12.66,AR,1612661550
13,Kapaa,22.0752,-159.319,73.99,49,40,6.91,US,1612661797
14,Gizo Government Station,-8.103,156.8419,82.58,73,100,2.44,SB,1612661798
15,Rikitea,-23.1203,-134.9692,78.78,69,73,10.56,PF,1612661635
16,Albany,42.6001,-73.9662,26.01,46,0,2.91,US,1612661801
17,Mataura,-46.1927,168.8643,81.88,46,13,1.63,NZ,1612661803
18,Half Moon Bay,37.4636,-122.4286,64.4,76,1,6.91,US,1612661804
19,Luanda,-8.8368,13.2343,78.8,83,75,4.61,AO,1612661729
20,Verkhnyaya Sinyachikha,57.976,61.6673,-1.89,92,100,11.5,RU,1612661807
21,Nouadhibou,20.931,-17.0347,60.8,72,0,16.11,MR,1612661808
22,Tuktoyaktuk,69.4541,-133.0374,-16.6,76,90,19.57,CA,1612661810
23,Atuona,-9.8,-139.0333,79.99,80,73,18.21,PF,1612661811
24,San Ramon,37.7799,-121.978,64.4,25,1,8.05,US,1612661813
25,Atar,20.5169,-13.0499,57.7,39,47,12.48,MR,1612661814
26,Kuytun,54.3419,101.5036,10.04,93,100,5.61,RU,1612661816
27,Qiyang,26.5911,111.8474,64.81,57,57,0.74,CN,1612661817
28,Bahile,9.9995,118.7878,86.0,70,20,13.8,PH,1612661819
29,Caravelas,-17.7125,-39.2481,78.15,86,100,10.42,BR,1612661820
30,Cape Town,-33.9258,18.4232,70.0,83,20,11.5,ZA,1612661689
31,Havelock,34.8791,-76.9013,45.0,65,90,9.22,US,1612661823
32,Turukhansk,65.8167,87.9833,-5.21,88,98,9.44,RU,1612661824
33,Yellowknife,62.456,-114.3525,-40.0,74,1,3.44,CA,1612661769
34,Masunga,-20.6246,27.4488,66.63,87,87,7.99,BW,1612661827
35,Cururupu,-1.8283,-44.8683,76.62,89,82,3.31,BR,1612661828
36,Santa Cruz do Capibaribe,-7.9575,-36.2047,72.5,80,87,5.68,BR,1612661830
37,Tasiilaq,65.6145,-37.6368,33.8,55,82,28.77,GL,1612661831
38,Hilo,19.7297,-155.09,78.8,53,75,5.75,US,1612661781
39,Butaritari,3.0707,172.7902,80.98,81,71,20.78,KI,1612661834
40,Samarai,-10.6167,150.6667,86.45,68,51,4.09,PG,1612661836
41,Leningradskiy,69.3833,178.4167,-10.28,74,0,5.77,RU,1612661837
42,Gambēla,8.25,34.5833,72.81,22,37,2.28,ET,1612661838
43,Port Macquarie,-31.4333,152.9167,84.99,53,100,1.99,AU,1612661840
44,Broome,42.2506,-75.833,24.8,33,1,3.44,US,1612661841
45,New Norfolk,-42.7826,147.0587,68.0,45,39,3.0,AU,1612661843
46,Lebu,-37.6167,-73.65,58.15,94,83,1.86,CL,1612661817
47,Zharkovskiy,55.849,32.2697,1.42,93,92,7.16,RU,1612661846
48,East London,-33.0153,27.9116,72.7,87,75,17.58,ZA,1612661570
49,Ulcinj,41.9294,19.2244,46.4,93,0,3.44,ME,1612661625
50,Khatanga,71.9667,102.5,-35.28,78,0,8.55,RU,1612661850
51,Alice Springs,-23.7,133.8833,87.01,26,4,14.97,AU,1612661851
52,Saint-Philippe,-21.3585,55.7679,78.8,73,75,6.91,RE,1612661853
53,Hambantota,6.1241,81.1185,71.6,100,20,1.14,LK,1612661854
54,Port Elizabeth,-33.918,25.5701,69.8,78,0,19.57,ZA,1612661562
55,Shostka,51.863,33.4698,-4.13,92,0,6.78,UA,1612661857
56,Saskylakh,71.9167,114.0833,-42.0,78,24,7.58,RU,1612661858
57,Luang Prabang,19.8856,102.1347,62.6,88,0,0.72,LA,1612661860
58,Cedar City,37.6775,-113.0619,44.6,26,1,8.05,US,1612661861
59,Borodino,55.9106,94.8983,17.29,94,100,6.24,RU,1612661862
60,Namatanai,-3.6667,152.4333,86.16,63,86,6.6,PG,1612661864
61,Flinders,-34.5833,150.8552,82.99,65,3,4.0,AU,1612661865
62,Zhuanghe,39.7008,122.9911,27.09,74,0,12.55,CN,1612661867
63,Kidal,18.4411,1.4078,70.9,19,100,11.3,ML,1612661659
64,Dalvik,65.9702,-18.5286,33.8,69,75,5.75,IS,1612661609
65,Nikolskoye,59.7035,30.7861,10.4,85,90,20.13,RU,1612661871
66,Thompson,55.7435,-97.8558,-27.4,68,40,12.66,CA,1612661818
67,Busselton,-33.65,115.3333,62.01,96,100,1.99,AU,1612661874
68,Chokurdakh,70.6333,147.9167,-21.35,86,98,4.23,RU,1612661875
69,Arraial do Cabo,-22.9661,-42.0278,75.13,83,100,4.81,BR,1612661877
70,Rome,43.2128,-75.4557,19.4,58,1,5.1,US,1612661878
71,Avarua,-21.2078,-159.775,86.0,66,17,10.36,CK,1612661879
72,Burnie,-41.0667,145.9167,71.01,85,2,5.01,AU,1612661881
73,Khandyga,62.6667,135.6,-21.35,85,97,1.7,RU,1612661882
74,Winnemucca,40.973,-117.7357,50.0,32,1,13.8,US,1612661885
75,Jamestown,42.097,-79.2353,17.6,49,1,6.91,US,1612661886
76,Chernogorsk,53.8236,91.2842,1.4,85,12,2.24,RU,1612661888
77,Virginia Beach,36.8529,-75.978,45.0,50,100,9.08,US,1612661744
78,Saint George,37.1041,-113.5841,57.2,17,1,11.5,US,1612661765
79,Nishihara,26.1842,127.7558,71.6,56,20,6.91,JP,1612661892
80,Kathmandu,27.7167,85.3167,35.6,100,20,3.44,NP,1612661643
81,Porkhov,57.765,29.5561,1.4,92,0,4.47,RU,1612661895
82,Altamira,-3.2033,-52.2064,77.13,67,71,2.1,BR,1612661896
83,Cockburn Town,21.4612,-71.1419,77.0,78,40,17.27,TC,1612661898
84,Ati,13.2154,18.3353,62.76,26,53,11.65,TD,1612661834
85,Cidreira,-30.1811,-50.2056,67.48,77,10,5.3,BR,1612661900
86,Evensk,61.95,159.2333,18.64,84,100,28.5,RU,1612661902
87,Constitución,-35.3333,-72.4167,57.38,87,32,4.29,CL,1612661903
88,Upernavik,72.7868,-56.1549,18.97,75,0,4.59,GL,1612661905
89,Laas,46.6166,10.7002,39.0,92,100,5.44,IT,1612661906
90,Tilichiki,60.4667,166.1,18.03,88,100,17.92,RU,1612661908
91,Rāmshīr,30.8946,49.4092,59.0,88,100,11.5,IR,1612661909
92,Ayorou,14.7308,0.9174,75.87,18,99,9.62,NE,1612661911
93,Camopi,3.1655,-52.3158,73.02,98,96,2.91,GF,1612661912
94,Cabo San Lucas,22.8909,-109.9124,69.8,60,20,8.05,MX,1612661847
95,Mehrān,33.1222,46.1646,42.8,93,90,4.61,IR,1612661743
96,Pisco,-13.7,-76.2167,71.6,83,75,9.22,PE,1612661916
97,Östersund,63.1792,14.6357,10.4,92,26,6.91,SE,1612661918
98,Eišiškės,54.1667,25.0,0.0,84,75,1.14,LT,1612661919
99,Marrakesh,31.6315,-8.0083,46.4,87,75,6.91,MA,1612661921
100,Faanui,-16.4833,-151.75,83.08,65,0,10.07,PF,1612661922
101,Thinadhoo,0.5333,72.9333,81.48,74,12,13.24,MV,1612661793
102,Saldanha,-33.0117,17.9442,64.4,88,0,6.91,ZA,1612661918
103,Kholtoson,50.2981,103.3097,1.56,86,71,3.47,RU,1612661926
104,Taoudenni,22.6783,-3.9836,59.5,35,70,9.78,ML,1612661928
105,Queenstown,-31.8976,26.8753,64.09,89,37,1.79,ZA,1612661743
106,Waitara,-38.925,174.25,72.0,67,90,5.01,NZ,1612661931
107,Sittwe,20.15,92.9,65.32,54,0,5.66,MM,1612661932
108,Grand Gaube,-20.0064,57.6608,75.0,86,2,1.99,MU,1612661933
109,Lagoa,39.05,-27.9833,59.99,92,100,26.64,PT,1612661935
110,Vila Franca do Campo,37.7167,-25.4333,59.0,88,75,23.02,PT,1612661936
111,Hasaki,35.7333,140.8333,57.0,54,20,4.61,JP,1612661938
112,Araouane,18.9048,-3.5265,68.14,25,94,16.87,ML,1612661939
113,Pangnirtung,66.1451,-65.7125,23.5,80,88,3.94,CA,1612661941
114,Iqaluit,63.7506,-68.5145,26.6,68,90,11.5,CA,1612661799
115,Kjøllefjord,70.9457,27.3465,25.9,94,100,21.83,NO,1612661943
116,Arsen'yev,44.1631,133.2733,5.07,89,100,3.76,RU,1612661945
117,Yārāda,17.65,83.2667,60.8,82,8,2.3,IN,1612661946
118,Muros,42.7762,-9.0603,36.0,93,40,5.75,ES,1612661948
119,Bhan,26.5583,67.7214,54.34,37,0,2.91,PK,1612661949
120,Kletskaya,49.3145,43.0584,10.99,81,100,5.99,RU,1612661951
121,Luwuk,-0.9516,122.7875,85.84,58,100,2.1,ID,1612661719
122,Matamoros,25.5333,-103.25,77.0,8,1,7.11,MX,1612661953
123,Esperance,-33.8667,121.9,60.8,94,75,12.66,AU,1612661947
124,Chui,-33.6971,-53.4616,66.79,88,0,8.7,UY,1612661721
125,Iquique,-20.2208,-70.1431,73.4,49,0,9.22,CL,1612661958
126,Vanimo,-2.6741,141.3028,82.62,78,99,4.07,PG,1612661959
127,Kushima,31.4583,131.2333,59.0,55,20,18.41,JP,1612661960
128,Vaini,-21.2,-175.2,84.2,84,75,9.22,TO,1612661962
129,Qaanaaq,77.484,-69.3632,10.69,87,100,7.56,GL,1612661963
130,Belmonte,-15.8631,-38.8828,78.8,83,75,6.91,BR,1612661735
131,Chhor,25.5167,69.7667,56.52,34,0,5.37,PK,1612661966
132,Aljezur,37.3191,-8.8033,51.01,46,78,5.99,PT,1612661967
133,Port Blair,11.6667,92.75,81.28,69,59,9.19,IN,1612661802
134,Zliten,32.4674,14.5687,67.64,30,100,15.12,LY,1612661970
135,Yangjiang,21.85,111.9667,78.01,45,0,3.49,CN,1612661972
136,Mbanza-Ngungu,-5.25,14.8667,68.22,100,100,3.36,CD,1612661947
137,Bredasdorp,-34.5322,20.0403,66.2,88,97,3.44,ZA,1612661762
138,Laguna,38.421,-121.4238,62.6,48,1,4.61,US,1612661976
139,La Ciotat,43.1748,5.6045,57.0,80,54,6.06,FR,1612661977
140,Ust-Kuyga,70.0167,135.6,-27.47,82,100,4.7,RU,1612661979
141,Dikson,73.5069,80.5464,-27.47,87,90,9.57,RU,1612661977
142,Safakulevo,54.9901,62.5442,7.5,94,100,22.1,RU,1612661982
143,Bambous Virieux,-20.3428,57.7575,77.0,83,40,4.61,MU,1612661983
144,Ostrovnoy,68.0531,39.5131,8.29,92,100,10.18,RU,1612661984
145,Naze,28.3667,129.4833,66.2,63,20,6.91,JP,1612661986
146,Oussouye,12.485,-16.5469,66.2,68,0,6.91,SN,1612661754
147,Zeya,53.75,127.2667,-6.27,81,0,3.11,RU,1612661701
148,Novokayakent,42.3937,47.9861,30.2,86,1,6.71,RU,1612661990
149,Ulaangom,49.9811,92.0667,-8.43,86,28,1.79,MN,1612661991
150,Diego de Almagro,-26.3667,-70.05,57.99,54,0,1.28,CL,1612661993
151,Nuuk,64.1835,-51.7216,33.8,44,20,18.41,GL,1612661994
152,Assaí,-23.3733,-50.8414,75.2,57,0,5.75,BR,1612661996
153,Bambanglipuro,-7.95,110.2833,84.11,69,9,4.81,ID,1612661997
154,Quesnel,52.9999,-122.5029,14.0,79,90,9.22,CA,1612661999
155,Banda Aceh,5.5577,95.3222,82.08,72,48,7.7,ID,1612662000
156,Calamar,10.2511,-74.9146,80.6,78,0,8.05,CO,1612662003
157,Egvekinot,66.3167,-179.1667,-4.58,78,0,7.81,RU,1612662004
158,Linxia Chengguanzhen,35.6003,103.2064,32.9,65,100,0.72,CN,1612662006
159,Nanortalik,60.1432,-45.2371,24.98,88,100,9.28,GL,1612662007
160,Mossamedes,-15.1961,12.1522,70.39,80,67,5.32,AO,1612662009
161,San Cristobal,7.7669,-72.225,82.4,65,100,2.3,VE,1612661931
162,Honningsvåg,70.9821,25.9704,27.73,94,100,25.9,NO,1612662012
163,Larsnes,62.2028,5.5773,24.01,81,0,1.99,NO,1612662013
164,Husavik,66.0449,-17.3389,33.8,69,75,5.75,IS,1612662014
165,Deputatsky,69.3,139.9,-31.61,84,9,1.25,RU,1612662016
166,Vohibinany,-17.35,49.0333,71.06,90,76,1.39,MG,1612662017
167,Elko,41.0002,-115.5012,46.4,34,1,17.27,US,1612662019
168,Goma,-1.6792,29.2228,64.67,70,78,3.27,CD,1612662020
169,Idah,7.1065,6.7342,72.07,36,5,3.13,NG,1612662022
170,Vao,-22.6667,167.4833,78.03,80,0,5.46,NC,1612662023
171,Xining,36.6167,101.7667,25.27,63,97,1.97,CN,1612662024
172,Khairpur Nathan Shah,27.0936,67.7337,49.15,45,0,3.6,PK,1612662026
173,Vostok,46.4856,135.8833,-3.82,89,100,3.58,RU,1612662027
174,Lázaro Cárdenas,17.9583,-102.2,73.83,75,0,1.74,MX,1612662029
175,Souillac,-20.5167,57.5167,75.0,86,6,1.99,MU,1612662030
176,Formosa,-26.1775,-58.1781,71.6,78,0,5.75,AR,1612662032
177,Moscow,55.7522,37.6156,-0.4,78,40,8.95,RU,1612662013
178,Udachny,66.4167,112.4,-35.09,80,6,6.49,RU,1612661970
179,Cabedelo,-6.9811,-34.8339,78.8,83,20,4.61,BR,1612662036
180,Moose Jaw,50.4001,-105.5344,-20.2,76,100,2.3,CA,1612662037
181,Provideniya,64.3833,-173.3,1.45,87,2,7.29,RU,1612661826
182,Usinsk,65.9939,57.5281,-33.3,81,96,14.58,RU,1612661759
183,Correia Pinto,-27.5847,-50.3611,56.21,95,9,2.35,BR,1612662042
184,Geraldton,-28.7667,114.6,71.6,78,90,23.02,AU,1612661887
185,Dolinsk,47.35,142.8,3.2,72,24,6.71,RU,1612662045
186,Barrow,71.2906,-156.7887,-5.8,77,90,14.97,US,1612662046
187,Mahébourg,-20.4081,57.7,75.0,86,4,1.99,MU,1612662048
188,Krasne,49.9145,24.6134,17.6,86,75,8.95,UA,1612662049
189,Castro,-24.7911,-50.0119,61.34,92,44,10.78,BR,1612662051
190,Inírida,3.8653,-67.9239,75.13,96,100,2.84,CO,1612662052
191,Shimoda,34.6667,138.95,55.4,62,20,6.91,JP,1612661763
192,Ahipara,-35.1667,173.1667,69.31,66,95,1.61,NZ,1612662055
193,Nkhata Bay,-11.6066,34.2907,73.24,80,100,4.34,MW,1612662056
194,Hervey Bay,-25.2986,152.8535,91.0,45,0,10.36,AU,1612662058
195,Klaksvík,62.2266,-6.589,33.8,75,75,18.41,FO,1612662059
196,Bilma,18.6853,12.9164,59.59,29,6,5.86,NE,1612662061
197,Hithadhoo,-0.6,73.0833,81.3,75,61,12.77,MV,1612662062
198,Longyearbyen,78.2186,15.6401,15.8,86,75,12.66,SJ,1612661943
199,Saint-François,46.4154,3.9054,46.99,93,90,12.66,FR,1612661964
200,Mount Gambier,-37.8333,140.7667,62.6,59,90,13.8,AU,1612661976
201,Rafrāf,37.1904,10.1837,64.4,55,40,4.61,TN,1612662068
202,Fort Thomas,39.0751,-84.4472,30.99,59,1,6.91,US,1612662069
203,Hong Kong,22.2855,114.1577,73.0,46,0,11.01,HK,1612661937
204,Paciran,-6.8767,112.3761,83.16,78,2,13.47,ID,1612662072
205,Ancud,-41.8697,-73.8203,63.0,51,0,11.5,CL,1612662074
206,Kahului,20.8947,-156.47,78.8,50,40,11.5,US,1612662075
207,Lata,40.1629,-8.3327,50.0,83,29,1.99,PT,1612662076
208,Pevek,69.7008,170.3133,-6.57,87,0,4.9,RU,1612662078
209,Bakchar,57.0186,82.0711,26.4,96,100,12.48,RU,1612662079
210,Roald,62.5833,6.1333,24.8,68,0,14.97,NO,1612662081
211,Gamboula,4.1178,15.1393,69.19,61,60,2.19,CF,1612662082
212,Buchanan,5.8808,-10.0467,79.18,85,100,7.7,LR,1612662083
213,Ambon City,-3.6954,128.1814,89.6,62,40,4.61,ID,1612662085
214,Mae Chan,20.1467,99.8526,68.0,94,20,1.21,TH,1612662086
215,Wau,7.7029,27.9953,61.43,30,0,6.31,SS,1612662088
216,Mersing,2.4312,103.8405,80.46,76,71,11.72,MY,1612662089
217,Muncar,-8.4333,114.3333,82.17,77,87,2.28,ID,1612662090
218,Båtsfjord,70.6345,29.7185,25.41,95,100,23.24,NO,1612662092
219,Coquimbo,-29.9533,-71.3436,60.8,82,0,6.91,CL,1612661960
220,Nemuro,43.3236,145.575,21.9,96,100,16.17,JP,1612662095
221,Hobyo,5.3505,48.5268,76.66,79,59,15.84,SO,1612662096
222,Ponta do Sol,32.6667,-17.1,54.0,67,23,5.99,PT,1612662098
223,Isangel,-19.55,169.2667,86.0,79,20,5.75,VU,1612661991
224,Narsaq,60.9167,-46.05,22.68,81,100,3.83,GL,1612662100
225,Kruisfontein,-34.0033,24.7314,64.0,88,1,1.01,ZA,1612661939
226,Ucluelet,48.9329,-125.5528,44.6,81,20,14.97,CA,1612662103
227,Leh,34.1667,77.5833,4.77,48,0,2.53,IN,1612661934
228,Codrington,-38.2667,141.9667,61.11,65,100,12.26,AU,1612661947
229,Lahat,-3.8,103.5333,77.16,87,98,3.13,ID,1612662107
230,Kirakira,-10.4544,161.9205,79.56,86,100,8.79,SB,1612662109
231,Tarauacá,-8.1614,-70.7656,74.95,95,100,1.54,BR,1612662074
232,Chingirlau,51.095,54.0814,9.84,95,100,12.33,KZ,1612662112
233,Kupang,-10.1667,123.5833,84.2,84,40,11.5,ID,1612662113
234,Paita,-5.0892,-81.1144,74.79,76,100,12.59,PE,1612662115
235,Requena,39.4883,-1.1004,54.0,71,0,4.61,ES,1612662116
236,Nouakchott,18.0858,-15.9785,59.0,38,14,11.5,MR,1612662117
237,Krasnooktyabrskiy,44.9328,38.3712,25.0,80,100,3.56,RU,1612662119
238,Pangody,65.85,74.4859,-16.15,87,100,16.11,RU,1612661828
239,Coyhaique,-45.5752,-72.0662,68.0,40,0,19.57,CL,1612662122
240,Soligalich,59.0778,42.2864,-9.31,89,100,8.61,RU,1612662123
241,Sangar,63.9242,127.4739,-32.01,79,21,9.73,RU,1612662124
242,Chiredzi,-21.05,31.6667,72.7,92,69,4.99,ZW,1612662126
243,Yatou,37.15,122.3833,37.45,72,0,20.13,CN,1612662127
244,Shimanovsk,52.0,127.7,-9.81,86,0,7.14,RU,1612662129
245,Paamiut,61.994,-49.6678,27.05,81,85,2.93,GL,1612662130
246,Karratha,-20.7377,116.8463,82.89,56,7,11.07,AU,1612662132
247,Marawi,7.9986,124.2928,80.01,81,74,4.0,PH,1612662133
248,Saint Paul Harbor,57.79,-152.4072,37.4,65,1,10.36,US,1612661963
249,Crateús,-5.1783,-40.6775,76.32,57,0,3.04,BR,1612662136
250,Kaitangata,-46.2817,169.8464,64.99,74,2,8.99,NZ,1612662137
251,Chara,56.9064,118.2631,-9.83,76,49,0.6,RU,1612662139
252,Dhārchula,29.85,80.5333,47.39,39,0,11.39,IN,1612662140
253,Kuito,-12.3833,16.9333,61.16,98,100,0.27,AO,1612662141
254,Alyangula,-13.8483,136.4192,82.4,78,90,17.27,AU,1612662143
255,Sitka,57.0531,-135.33,33.8,55,40,6.91,US,1612661987
256,Teya,60.3778,92.6267,20.86,94,90,8.7,RU,1612662146
257,Beringovskiy,63.05,179.3167,-6.45,90,83,11.74,RU,1612662147
258,Tazovsky,67.4667,78.7,-25.28,86,96,10.0,RU,1612662149
259,Mbeya,-8.9,33.45,61.47,90,100,1.03,TZ,1612662150
260,Taksimo,56.3444,114.8794,-8.27,79,2,0.16,RU,1612662151
261,Shanghai,31.2222,121.4581,59.0,82,0,4.47,CN,1612662153
262,Avera,33.194,-82.5271,41.0,91,90,9.22,US,1612662154
263,Pak Phanang,8.3511,100.202,80.6,89,20,3.44,TH,1612662156
264,Denpasar,-8.65,115.2167,82.4,83,20,2.3,ID,1612662105
265,Ayamé,5.6083,-3.1563,75.9,95,28,3.78,CI,1612662158
266,Warwick,41.7001,-71.4162,39.2,44,75,5.75,US,1612662160
267,Ust-Tsilma,65.441,52.1498,-33.09,80,95,9.53,RU,1612662161
268,Guerrero Negro,27.9769,-114.0611,63.28,54,0,9.8,MX,1612662137
269,Diplo,24.4667,69.584,59.25,32,0,8.28,PK,1612662164
270,Artesia,33.8658,-118.0831,68.0,59,1,4.61,US,1612661969
271,Mount Isa,-20.7333,139.5,78.8,94,75,9.22,AU,1612662082
272,Carbondale,37.7273,-89.2168,28.4,86,90,10.36,US,1612662168
273,Santa Maria,-29.6842,-53.8069,66.2,94,0,0.87,BR,1612662170
274,Puerto Baquerizo Moreno,-0.9,-89.6,76.73,85,0,7.78,EC,1612662138
275,Dongli,23.5656,116.8194,62.6,77,75,4.47,CN,1612662172
276,Shenjiamen,29.9576,122.298,54.46,71,0,3.27,CN,1612662174
277,Bereda,43.2686,-7.5406,35.01,100,61,3.0,ES,1612662175
278,Ban Phai,16.06,102.731,78.01,50,0,7.4,TH,1612662177
279,‘Ewa Beach,21.3156,-158.0072,78.8,44,1,14.97,US,1612662162
280,Honiara,-9.4333,159.95,79.25,86,100,8.93,SB,1612662180
281,Suda,59.1525,37.5582,2.41,93,99,9.55,RU,1612662181
282,Opuwo,-18.0607,13.84,70.09,44,91,2.86,NA,1612662183
283,Te Anau,-45.4167,167.7167,75.9,38,0,5.68,NZ,1612662184
284,Norman Wells,65.282,-126.8329,-27.4,68,75,2.3,CA,1612662185
285,Gorom-Gorom,14.4439,-0.2361,76.42,19,100,10.09,BF,1612662187
286,Meulaboh,4.1363,96.1285,79.41,83,80,4.5,ID,1612662188
287,Antofagasta,-23.65,-70.4,66.2,77,75,8.05,CL,1612662190
288,Mar del Plata,-38.0023,-57.5575,64.0,77,20,11.5,AR,1612661941
289,Yaan,7.3833,8.5667,73.2,21,10,3.38,NG,1612662192
290,Los Llanos de Aridane,28.6585,-17.9182,59.0,72,0,5.75,ES,1612662101
291,Borovoy,55.4333,86.0833,28.4,86,0,11.18,RU,1612662196
292,Salta,-24.7859,-65.4117,71.6,68,40,3.44,AR,1612662103
293,Murray Bridge,-35.1167,139.2667,63.0,83,99,12.62,AU,1612662198
294,São João da Barra,-21.6403,-41.0511,71.1,96,100,14.67,BR,1612661995
295,Tahara,34.6667,137.2667,59.0,41,0,10.0,JP,1612662201
296,Cruz Alta,-28.6386,-53.6064,58.5,86,0,7.07,BR,1612662203
297,Bethel,41.3712,-73.414,35.01,59,1,4.74,US,1612662197
298,Mariinsk,56.2139,87.7472,23.25,97,79,6.49,RU,1612662206
299,Karoi,-16.8099,29.6925,64.0,98,100,4.79,ZW,1612662207
300,Auki,-8.7676,160.7034,75.81,93,100,12.64,SB,1612662208
301,Noumea,-22.2763,166.4572,87.8,62,40,10.36,NC,1612662000
302,Bang Mun Nak,16.0278,100.3792,82.13,35,0,7.63,TH,1612662211
303,Luleå,65.5842,22.1547,15.8,86,90,13.8,SE,1612662213
304,Fortuna,40.5982,-124.1573,50.0,93,40,11.5,US,1612661964
305,Dubti,11.7361,41.0853,67.77,66,41,8.97,ET,1612662215
306,Port Augusta,-32.5,137.7667,75.0,60,75,16.11,AU,1612662217
307,The Valley,18.217,-63.0578,77.0,83,11,7.0,AI,1612662218
308,Haines Junction,60.7522,-137.5108,-14.8,70,52,0.31,CA,1612662220
309,Camacha,33.0833,-16.3333,59.0,67,75,13.8,PT,1612661987
310,Itakyry,-24.9333,-55.2167,71.6,68,0,9.22,PY,1612662223
311,Aizkraukle,56.6048,25.2553,-2.0,88,0,2.42,LV,1612662224
312,Son La,21.3167,103.9,66.06,71,7,3.36,VN,1612662225
313,Muyezerskiy,63.9333,31.65,12.92,96,100,9.98,RU,1612662227
314,Līsakovsk,52.5369,62.4936,7.29,89,67,25.7,KZ,1612662084
315,Jagüey Grande,22.5269,-81.1286,73.4,94,20,5.75,CU,1612662230
316,Nicoya,10.1483,-85.452,82.4,65,0,2.3,CR,1612662232
317,Kavieng,-2.5744,150.7967,85.3,65,50,4.97,PG,1612661987
318,Padang,-0.9492,100.3543,82.4,69,20,2.3,ID,1612662235
319,Okhotsk,59.3833,143.3,3.43,86,100,21.81,RU,1612662236
320,Sinop Province,41.7711,34.8709,47.46,57,98,7.63,TR,1612662237
321,Koubia,11.5833,-11.9,67.77,25,90,3.56,GN,1612662239
322,Mackay,-21.15,149.2,91.0,62,40,9.22,AU,1612662240
323,Ullapool,57.8987,-5.1604,34.0,73,100,11.99,GB,1612662242
324,Poum,-20.2333,164.0167,80.24,68,0,5.64,NC,1612662243
325,Khvoynaya,58.9,34.5333,0.01,93,96,7.83,RU,1612662245
326,Sylvan Lake,52.3168,-114.0853,-11.2,70,90,9.22,CA,1612662246
327,Pacasmayo,-7.4006,-79.5714,72.18,73,99,13.78,PE,1612662247
328,Sakaiminato,35.55,133.2333,51.8,76,75,9.22,JP,1612662249
329,Bambari,5.768,20.6757,67.71,26,0,4.29,CF,1612662250
330,Healesville,-37.65,145.5167,62.01,93,92,1.01,AU,1612662252
331,Langenburg,49.2544,9.8458,41.0,93,90,8.05,DE,1612662253
332,Nanchang,28.6833,115.8833,59.0,71,44,2.62,CN,1612662254
333,Cherskiy,68.75,161.3,-2.88,81,0,3.31,RU,1612662089
334,Lorengau,-2.0226,147.2712,86.38,66,100,5.55,PG,1612662257
335,Sioux Lookout,50.1001,-91.917,-13.0,64,90,11.5,CA,1612662004
336,Sosnogorsk,63.6023,53.8817,-26.28,84,100,11.95,RU,1612662260
337,Puerto Nariño,-3.7703,-70.3831,78.8,94,75,3.44,CO,1612662261
338,Acapulco de Juárez,16.8634,-99.8901,80.6,74,1,4.61,MX,1612662263
339,Saint Anthony,45.0205,-93.218,-5.8,59,1,13.8,US,1612662264
340,Esim,4.8699,-2.2405,79.56,87,56,9.69,GH,1612662266
341,Dingle,10.9995,122.6711,81.48,81,79,15.01,PH,1612662267
342,Tuatapere,-46.1333,167.6833,71.83,47,10,6.04,NZ,1612662004
343,São Filipe,14.8961,-24.4956,69.31,74,18,14.97,CV,1612661970
344,Bengkulu,-3.8004,102.2655,83.34,63,84,4.12,ID,1612662271
345,Sola,-13.8833,167.55,82.33,70,59,3.4,VU,1612662273
346,Aklavik,68.2191,-135.0107,-16.6,76,100,4.61,CA,1612662274
347,Ciudad Bolivar,8.1222,-63.5497,78.87,65,100,16.28,VE,1612662276
348,Mayor Pablo Lagerenza,-19.9309,-60.7718,73.62,43,0,3.42,PY,1612662277
349,Ndola,-12.9587,28.6366,63.09,98,100,2.26,ZM,1612662278
350,Hofn,64.2539,-15.2082,32.36,92,91,19.08,IS,1612662250
351,San Rafael del Sur,11.8485,-86.4384,84.2,61,20,6.91,NI,1612662281
352,Shaowu,27.3409,117.4831,67.75,60,0,2.39,CN,1612662283
353,Shakawe,-18.3667,21.85,67.8,95,77,3.78,BW,1612662284
354,Severo-Kuril'sk,50.6789,156.125,22.71,93,93,21.92,RU,1612662286
355,Leopold,-38.1833,144.4667,64.99,68,90,14.97,AU,1612662287
356,Hamilton,39.1834,-84.5333,30.99,59,1,6.91,US,1612662177
357,College,64.8569,-147.8028,-5.01,77,90,1.57,US,1612662290
358,Gudibanda,13.6694,77.6983,55.4,88,79,1.14,IN,1612662291
359,Kitama,-10.7167,39.7333,75.2,100,20,9.22,TZ,1612662293
360,Nerchinskiy Zavod,51.3088,119.61,-11.6,86,89,0.81,RU,1612662294
361,Takoradze,4.8845,-1.7554,79.57,86,0,11.9,GH,1612662295
362,Peniche,39.3558,-9.3811,52.0,69,0,11.99,PT,1612662297
363,Fremont,37.5483,-121.9886,64.4,63,1,5.75,US,1612662209
364,São Borja,-28.6606,-56.0044,66.24,71,0,7.23,BR,1612662300
365,Ilulissat,69.2167,-51.1,24.8,39,0,31.07,GL,1612662247
366,Eyl,7.9803,49.8164,74.07,85,27,11.81,SO,1612662303
367,Ranong,9.9658,98.6348,82.4,65,0,3.44,TH,1612662304
368,Yulara,-25.2406,130.9889,86.0,23,1,17.27,AU,1612662015
369,Hirara,24.8,125.2833,69.8,67,0,7.31,JP,1612662038
370,Luoyang,34.6836,112.4536,51.96,39,100,12.3,CN,1612662309
371,La Asuncion,11.0333,-63.8628,76.21,84,100,14.58,VE,1612662310
372,Tomatlán,19.9333,-105.25,67.59,91,0,2.77,MX,1612662016
373,Airai,-8.9266,125.4092,72.81,74,72,5.39,TL,1612662240
374,Punta Alta,-38.8759,-62.0736,65.97,72,53,21.47,AR,1612662314
375,Lavrentiya,65.5833,-171.0,-9.98,79,0,1.74,RU,1612662316
376,Rocha,-34.4833,-54.3333,63.48,94,3,4.12,UY,1612662317
377,Lamar,33.6668,-95.5836,41.0,93,90,14.97,US,1612662319
378,Garden City,42.3256,-83.331,18.0,62,90,10.36,US,1612662320
379,Gornopravdinsk,60.05,69.9,34.16,91,100,11.81,RU,1612662322
380,Pontes e Lacerda,-15.2261,-59.3353,73.13,77,7,1.32,BR,1612662323
381,Uíge,-7.6087,15.0613,67.91,97,100,1.83,AO,1612662324
382,Igarka,67.4667,86.5833,-22.47,84,2,10.69,RU,1612662241
383,Lompoc,34.6391,-120.4579,60.8,63,1,9.22,US,1612662327
384,El Paso,31.8001,-106.2005,60.8,9,1,9.22,US,1612662090
385,Aykhal,66.0,111.5,-31.83,82,27,8.75,RU,1612662330
386,Boende,-0.2167,20.8667,72.91,87,0,1.95,CD,1612662332
387,Maragogi,-9.0122,-35.2225,77.18,86,93,7.36,BR,1612662333
388,Kalmunai,7.4167,81.8167,77.86,87,24,7.94,LK,1612662334
389,Warrnambool,-38.3833,142.4833,64.99,70,100,12.97,AU,1612662336
390,Kosh-Agach,50.0,88.6667,-1.82,85,0,1.81,RU,1612662337
391,Umluj,25.0213,37.2685,67.75,49,0,18.84,SA,1612662339
392,Kirillov,59.863,38.3813,3.81,94,100,6.8,RU,1612662340
393,Galle,6.0367,80.217,76.44,87,48,4.94,LK,1612662342
394,Port Lincoln,-34.7333,135.8667,62.55,67,99,12.08,AU,1612662343
395,Tema,5.667,-0.0166,82.4,89,20,9.22,GH,1612662345
396,Alexandria,31.2156,29.9553,58.51,87,6,0.83,EG,1612662330
397,Viedma,-40.8135,-62.9967,63.0,69,100,17.25,AR,1612662347
398,Luján,-34.5703,-59.105,75.0,78,0,4.76,AR,1612662349
399,Bosaso,11.2842,49.1816,72.48,77,51,4.07,SO,1612662350
400,Pimentel,-6.8367,-79.9342,70.0,87,100,4.0,PE,1612662352
401,Postoloprty,50.3598,13.7029,26.01,95,100,18.99,CZ,1612662353
402,Ambilobe,-13.2,49.05,72.72,94,99,2.75,MG,1612662355
403,Pitsunda,43.1592,40.3378,44.6,87,90,11.18,GE,1612662356
404,Selfoss,63.9331,-20.9971,35.6,44,0,16.11,IS,1612662357
405,Moerai,-22.4333,-151.3333,81.95,69,1,10.02,PF,1612662359
406,Ransang,8.9603,117.5828,83.37,64,100,3.87,PH,1612662360
407,Muş Province,39.0,41.75,14.4,90,0,4.94,TR,1612662362
408,Bonavista,48.6499,-53.1147,41.0,100,89,6.91,CA,1612662363
409,Talnakh,69.4865,88.3972,-29.16,72,0,1.81,RU,1612662365
410,Praia da Vitória,38.7333,-27.0667,60.8,82,20,13.76,PT,1612662366
411,Whitianga,-36.8333,175.7,69.24,59,56,8.46,NZ,1612662368
412,Kitimat,54.0524,-128.6534,33.01,94,97,2.3,CA,1612662166
413,Atbasar,51.8,68.3333,9.59,93,100,26.04,KZ,1612662370
414,West Wendover,40.7391,-114.0733,53.6,22,1,28.77,US,1612662372
415,Canchungo,12.0672,-16.0333,66.2,68,0,6.91,GW,1612662373
416,Saint-Joseph,-21.3667,55.6167,78.8,69,40,6.91,RE,1612662375
417,Manaure,11.7751,-72.4445,77.85,69,100,19.1,CO,1612662376
418,Kumylzhenskaya,49.8809,42.5898,10.99,81,100,5.99,RU,1612662378
419,Lundazi,-12.2929,33.1782,63.99,90,100,3.31,ZM,1612662379
420,Ust'-Ilimsk,58.0006,102.6619,14.97,95,100,9.51,RU,1612662381
421,Ketchikan,55.3422,-131.6461,37.4,80,90,8.05,US,1612662382
422,Tiksi,71.6872,128.8694,-25.76,84,100,5.35,RU,1612662248
423,Yeppoon,-23.1333,150.7333,95.0,46,75,5.75,AU,1612662385
424,Mattru,7.6244,-11.8332,74.89,82,50,2.13,SL,1612662386
425,Mollendo,-17.0231,-72.0147,70.93,81,100,3.91,PE,1612662388
426,Warrensburg,38.7628,-93.7361,17.6,85,1,8.05,US,1612662389
427,Deep River,46.1001,-77.4995,15.8,73,40,4.61,CA,1612662391
428,Bandarbeyla,9.4942,50.8122,74.75,82,7,11.14,SO,1612662379
429,Itarema,-2.9248,-39.9167,77.86,83,66,9.37,BR,1612662393
430,Korla,41.7597,86.1469,27.3,83,59,2.01,CN,1612662395
431,Quatre Cocos,-20.2078,57.7625,75.0,86,0,3.0,MU,1612662396
432,Port-Gentil,-0.7193,8.7815,81.5,79,99,13.78,GA,1612662398
433,Arman',59.7,150.1667,12.54,87,100,15.52,RU,1612662399
434,Russell,32.3502,-85.1999,42.8,87,90,5.75,US,1612662400
435,La Ronge,55.1001,-105.2842,-23.8,62,43,5.75,CA,1612662402
436,Lircay,-12.9896,-74.7205,51.13,74,85,1.28,PE,1612662403
437,Bowen,-20.0167,148.2333,87.8,66,40,6.91,AU,1612662405
438,Diamantino,-14.4086,-56.4461,75.56,76,94,1.66,BR,1612662406
439,Huicungo,-7.2833,-76.8,72.48,92,100,1.57,PE,1612662408
440,Kargasok,59.0556,80.8572,32.7,96,100,14.27,RU,1612662409
441,Oskarshamn,57.2645,16.4484,19.0,86,90,6.91,SE,1612662410
442,Machico,32.7,-16.7667,57.2,72,40,12.66,PT,1612662412
443,Mpika,-11.8343,31.4529,62.33,98,100,4.74,ZM,1612662413
444,Vila Velha,-20.3297,-40.2925,82.99,83,75,9.22,BR,1612662415
445,Gijang,35.2442,129.2139,46.4,76,0,3.44,KR,1612662416
446,Iracoubo,5.4802,-53.2011,76.96,88,100,13.44,GF,1612662418
447,Strezhevoy,60.7333,77.5889,33.8,93,90,13.42,RU,1612662419
448,Tula,54.2044,37.6111,-7.2,90,75,10.09,RU,1612662121
449,Arona,28.0996,-16.681,61.0,72,20,8.05,ES,1612662422
450,Maraã,-1.8333,-65.3667,75.0,97,99,1.92,BR,1612662423
451,Huanren,41.2647,125.3667,19.69,83,0,4.05,CN,1612662425
452,Zhovti Vody,48.3473,33.5003,19.4,73,0,8.95,UA,1612662426
453,Pecos,31.4229,-103.4932,53.6,13,1,6.91,US,1612662427
454,Paoua,7.2427,16.4406,66.15,27,81,4.21,CF,1612662429
455,Sal Rei,16.1833,-22.9167,68.0,60,90,19.57,CV,1612662430
456,Dawei,14.0833,98.2,81.61,43,6,2.71,MM,1612662432
457,Ryōtsu-minato,38.0833,138.4333,44.6,87,75,12.66,JP,1612662433
458,Barabash,43.2,131.4833,12.2,48,0,13.42,RU,1612662435
459,Rawson,-43.3002,-65.1023,58.26,69,32,19.86,AR,1612662365
460,Dicabisagan,17.0818,122.4157,79.95,77,66,4.07,PH,1612662437
461,Mackenzie,55.2999,-123.1698,-2.2,65,1,3.44,CA,1612662439
462,Kunming,25.0389,102.7183,54.0,76,75,4.47,CN,1612662181
463,Palāsa,18.7667,84.4167,69.24,57,0,4.65,IN,1612662442
464,Labuhan,-6.8844,112.2051,83.25,77,3,12.88,ID,1612662443
465,Kirovskiy,45.0917,133.5136,-0.36,90,100,4.88,RU,1612662444
466,Goubellat,36.5418,9.6633,60.8,63,20,5.75,TN,1612662446
467,Hualmay,-11.0964,-77.6139,70.93,78,100,7.43,PE,1612662267
468,Seymchan,62.8833,152.4333,-12.41,85,100,3.15,RU,1612662449
469,Bubaque,11.2833,-15.8333,78.51,53,51,23.53,GW,1612662450
470,Arlit,18.7369,7.3853,61.77,26,20,5.46,NE,1612662451
471,Mitsamiouli,-11.3847,43.2844,81.77,75,98,6.93,KM,1612662453
472,Port Keats,-14.25,129.55,87.85,66,92,14.34,AU,1612662454
473,Santa Cruz de la Sierra,-17.8,-63.1667,77.0,73,0,5.75,BO,1612662456
474,Fabrica,13.49,123.294,84.24,67,17,9.01,PH,1612662457
475,Kandara,25.7191,73.2765,53.73,40,0,6.91,IN,1612662459
476,Nago,26.5881,127.9761,69.8,88,40,6.91,JP,1612662460
477,Kipushi,-11.7667,27.2333,63.23,98,100,3.38,CD,1612662461
478,Nabire,-3.3667,135.4833,79.72,77,100,0.83,ID,1612662258
479,Ilhabela,-23.7781,-45.3581,72.43,76,3,0.92,BR,1612662464
480,Moindou,-21.6924,165.677,87.8,62,40,10.36,NC,1612662466
481,Dombarovskiy,50.7587,59.5386,6.04,92,98,18.05,RU,1612662467
482,Oromocto,45.8351,-66.4792,24.8,80,20,6.91,CA,1612662468
483,Forsytheganj,52.6333,29.7333,0.16,93,3,5.37,BY,1612662470
484,Vardø,70.3705,31.1107,26.91,92,100,29.37,NO,1612662452
485,Katsuura,35.1333,140.3,55.0,66,20,5.75,JP,1612662253
486,Dunedin,-45.8742,170.5036,61.0,76,0,28.01,NZ,1612662474
487,Adrar,20.5022,-10.0711,55.71,42,76,11.27,MR,1612662476
488,Kieta,-6.2167,155.6333,86.18,70,29,9.46,PG,1612662477
489,Bayshore Gardens,27.4253,-82.5904,73.4,83,1,17.27,US,1612662478
490,Lüderitz,-26.6481,15.1594,67.42,70,0,22.7,NA,1612662480
491,Turbiv,49.3479,28.7212,16.3,95,100,6.91,UA,1612662481
492,Poyarkovo,49.6,128.6833,-14.89,87,92,6.38,RU,1612662483
493,Nantucket,41.2835,-70.0995,39.2,70,1,16.11,US,1612662484
494,Seoul,37.5683,126.9778,44.6,93,90,4.61,KR,1612662435
495,Orán,-23.1322,-64.326,79.0,78,92,1.54,AR,1612662487
496,Kotido,2.9806,34.1331,69.67,35,57,2.75,UG,1612662489
497,Mareeba,-17.0,145.4333,90.0,74,82,5.75,AU,1612662286
498,Mormugao,15.4,73.8,72.84,49,4,5.5,IN,1612662491
499,Cayenne,4.9333,-52.3333,77.0,100,90,8.05,GF,1612662477
500,Polunochnoye,60.8697,60.4153,-18.09,89,100,12.64,RU,1612662494
501,Tabas,33.5959,56.9244,46.4,27,23,6.91,IR,1612662426
502,Solwezi,-12.1688,26.3894,63.45,97,100,6.44,ZM,1612662497
503,San Roque,36.2107,-5.3842,53.6,76,75,16.11,ES,1612662498
504,Stonewall,50.1344,-97.3268,-20.0,69,1,10.36,CA,1612662500
505,Yarkovo,57.4028,67.0786,30.6,99,100,8.86,RU,1612662501
506,Tautira,-17.7333,-149.15,86.0,62,20,12.66,PF,1612662446
507,Alofi,-19.0595,-169.9187,86.0,70,100,12.66,NU,1612662504
508,Asău,46.4333,26.4,27.0,73,100,3.65,RO,1612662505
509,Kiryat Gat,31.61,34.7642,55.0,100,0,1.7,IL,1612662468
510,Iquitos,-3.7481,-73.2472,77.0,88,0,2.51,PE,1612662508
511,Enshi,30.3,109.4833,51.3,84,100,0.51,CN,1612662510
512,Bolgatanga,10.7856,-0.8514,80.94,20,0,7.0,GH,1612662511
513,Ixtapa,20.7,-105.2,72.0,78,40,5.75,MX,1612662449
514,San Jerónimo,-11.9472,-75.2829,51.64,74,88,3.33,PE,1612662514
515,Businga,3.3333,20.8833,68.95,41,0,1.83,CD,1612662515
516,Aksarka,66.5606,67.7975,-33.57,82,100,22.01,RU,1612662451
517,Freeport,40.6576,-73.5832,39.2,48,1,5.75,US,1612662263
518,Golden,39.7555,-105.2211,39.99,30,40,9.22,US,1612662389
519,Niquero,20.0431,-77.5828,77.74,81,0,17.02,CU,1612662354
520,Dulce Nombre de Culmí,15.1,-85.5333,69.42,91,7,1.72,HN,1612662522
521,Hangu,39.2489,117.7892,35.6,38,0,8.95,CN,1612662524
522,Agüimes,27.9054,-15.4461,60.01,82,40,5.75,ES,1612662525
523,Havre-St-Pierre,50.2334,-63.5986,28.4,100,90,29.93,CA,1612662527
524,Vernon,50.2581,-119.2691,35.6,75,89,4.61,CA,1612662528
525,Bloemhof,-27.6469,25.607,63.91,80,0,6.71,ZA,1612662530
526,Teluknaga,-6.0989,106.6381,84.99,83,75,13.8,ID,1612662531
527,Richmond,37.5538,-77.4603,45.0,49,75,5.75,US,1612662533
528,Faya,18.3851,42.4509,46.4,87,40,0.85,SA,1612662534
529,Oranjestad,12.524,-70.027,78.22,82,100,26.49,AW,1612662536
530,Kampot,10.6167,104.1833,75.2,94,40,1.14,KH,1612662537
531,Mahajanga,-15.7167,46.3167,77.0,94,40,2.3,MG,1612662539
532,Chissamba,-12.1667,17.3333,63.84,93,100,5.3,AO,1612662540
533,Carutapera,-1.195,-46.02,77.79,87,85,5.88,BR,1612662541
534,Huadian,42.9633,126.7478,8.78,88,40,3.78,CN,1612662543
535,Tadine,-21.55,167.8833,81.97,73,35,5.19,NC,1612662544
536,Saint-Pierre,-21.3393,55.4781,78.8,69,40,6.91,RE,1612662546
537,Bairiki Village,1.3292,172.9752,84.2,74,75,11.5,KI,1612662505
538,Dukat,62.55,155.55,-2.15,88,100,8.63,RU,1612662548
539,Sakakah,29.9697,40.2064,46.4,71,0,8.05,SA,1612662550
540,Harper,4.375,-7.7169,79.03,88,5,8.21,LR,1612662293
541,Necochea,-38.5473,-58.7368,60.01,82,2,11.56,AR,1612662553
542,Bacolod City,10.6667,122.95,83.82,71,68,13.38,PH,1612662554
543,Emerald,-23.5333,148.1667,98.01,46,75,5.75,AU,1612662555
544,Brae,60.3964,-1.353,33.8,60,90,17.27,GB,1612662557
545,Beloha,-25.1667,45.05,73.99,95,23,3.09,MG,1612662500
546,Wewak,-3.5534,143.6268,83.68,70,96,3.78,PG,1612662560
547,Coahuayana Viejo,18.7333,-103.6833,73.4,78,1,0.27,MX,1612662477
548,Matara,5.9485,80.5353,75.47,86,65,4.7,LK,1612662563
549,Maple Creek,49.9168,-109.4848,-7.6,71,100,4.61,CA,1612662564
550,Iralaya,15.0,-83.2333,78.58,82,0,11.77,HN,1612662565
551,Serenje,-13.2325,30.2352,61.84,96,100,2.93,ZM,1612662567
552,Yumen,40.2833,97.2,32.0,65,100,4.41,CN,1612662487
553,Kiruna,67.8557,20.2251,21.2,79,90,9.22,SE,1612662542
554,Minggang,32.4586,114.0486,56.89,52,0,7.72,CN,1612662571
555,Vigrestad,58.5667,5.7,12.0,78,0,9.57,NO,1612662572
556,Marfino,55.7028,37.3822,-0.99,78,75,11.18,RU,1612662574
557,Yuza,39.0,139.9167,37.83,90,100,13.91,JP,1612662575
558,Verkhnyaya Inta,65.9811,60.3094,-19.64,85,100,14.32,RU,1612662577
559,Baracoa,20.3467,-74.4958,75.96,86,50,4.54,CU,1612662578
560,Palmer,42.1584,-72.3287,25.0,54,20,4.43,US,1612662580
561,Merzifon,40.8733,35.4631,44.6,65,75,4.61,TR,1612662581
562,Koindu,8.4386,-10.3253,70.81,72,70,2.93,GN,1612662582
563,Idritsa,56.3316,28.8988,-0.65,93,5,5.12,RU,1612662584
564,Ferrol,43.4832,-8.2369,46.99,100,90,5.75,ES,1612662585
565,Manama,26.2154,50.5832,68.0,83,20,6.91,BH,1612662587
566,Alta Floresta,-9.8756,-56.0861,70.74,99,100,2.26,BR,1612662460
567,Chunoyar,57.4467,97.3217,16.48,96,100,4.79,RU,1612662590
568,Umm Hājar,13.2954,19.6966,60.85,27,71,10.4,TD,1612662591
569,Benjamín Hill,30.1667,-111.1,66.0,22,0,4.0,MX,1612662593
570,Sinnamary,5.3833,-52.95,77.22,87,98,13.56,GF,1612662349
571,Ust-Nera,64.5667,143.2,-20.11,77,30,5.39,RU,1612662595
572,Balakhta,55.38,91.6,11.37,95,94,1.92,RU,1612662597
573,Inverell,-29.7833,151.1167,86.0,55,14,5.01,AU,1612662598
574,Whitecourt,54.1502,-115.6855,-13.0,70,20,11.5,CA,1612662600
575,Charter Township of Clinton,42.587,-82.9199,18.0,67,90,9.22,US,1612662601
576,Portland,45.5234,-122.6762,46.99,87,90,16.11,US,1612662558
577,Royan,45.6285,-1.0281,42.8,87,0,8.05,FR,1612662604
578,Koslan,63.4564,48.8989,-22.88,83,65,10.87,RU,1612662605
579,Mezhdurechensk,53.6942,88.0603,21.02,95,37,3.96,RU,1612662445
580,Saryg-Sep,51.5,95.6,2.44,90,0,3.49,RU,1612662608
581,Dudinka,69.4058,86.1778,-36.06,80,0,8.75,RU,1612662610
